text,hashtags,country,location_name,location_coordinates,date,time
"@JulienHoez @YouTube We have decided we are going to write off the Airline tickets, given that Milan has now gone into lockdown, what it‚Äôs like in France at the moment?",[],United Kingdom,"Strood, South East","[[[0.4496776, 51.3828931], [0.499886, 51.3828931], [0.499886, 51.408632], [0.4496776, 51.408632]]]",2020-03-08,10:02:05
"supposed to be goin Venice in 2 week &amp; @easyJet still flying there when they‚Äôre in lockdown fuckin scum bags mate get us refunded raggo we don‚Äôt wanna stay in airport 3 nights, weirdos",[],United Kingdom,"Oldham, England","[[[-2.185708, 53.492866], [-2.048031, 53.492866], [-2.048031, 53.592865], [-2.185708, 53.592865]]]",2020-03-08,10:13:56
"Because Milan and Venice airports are open , even for internal flights, @easyJet thinks is safe for passengers and crew members to travel to a zone has 15.000.000 people in a lockdown zone. All crew should refuse to flight to these areas especially boarding people from that area.",[],United Kingdom,"Scotland, United Kingdom","[[[-7.66085699743185, 54.6336309570711], [-0.740025000483186, 54.6336309570711], [-0.740025000483186, 60.8452769694519], [-7.66085699743185, 60.8452769694519]]]",2020-03-08,10:14:27
"*SOUND ON*
For Francesca who is finding life very stressful as a pharmacist in the lockdown zone of Italy at the moment. 
The view from Updown Cottage with the birdsong one morning last May. 
.
.
.
#relax #rest‚Ä¶ https://t.co/mp5Nb4Fjpl","['relax', 'rest']",United Kingdom,"Shaftesbury, England","[[[-2.2152049, 50.997428], [-2.1774652, 50.997428], [-2.1774652, 51.019483], [-2.2152049, 51.019483]]]",2020-03-08,10:25:06
Venice trip looks screwed #lockdown,['lockdown'],United Kingdom,"Marple, England","[[[-2.090605, 53.380423], [-2.0507618, 53.380423], [-2.0507618, 53.405675], [-2.090605, 53.405675]]]",2020-03-08,10:42:41
I‚Äôm confused - Milan and Venice are both in lockdown as is most of northern Italy. So why are flights still leaving the U.K. for these towns and flights coming back into the U.K.? Surely that means it‚Äôs not an actual ‚Äòlockdown‚Äô,[],United Kingdom,"Preston, England","[[[-2.775262, 53.74809], [-2.628013, 53.74809], [-2.628013, 53.8000915], [-2.775262, 53.8000915]]]",2020-03-08,10:50:34
"Listening to an English guy who is living in China, on @LBC 

Says the Chinese response to Covid-19 has been excellent, contrary to the xenophobic British media portayals.

When will we start checking people's temperature at supermarkets?
When will we lock down?
@BorisJohnson",[],United Kingdom,"South West, England","[[[-6.36850399906372, 49.8824720005481], [-1.48573420014269, 49.8824720005481], [-1.48573420014269, 52.1125420344225], [-6.36850399906372, 52.1125420344225]]]",2020-03-08,11:03:14
Lombardia and Parts of Veneto are in quarantine/lockdown including Venice where Veneto‚Äôs biggest airport is yet @easyJet still aren‚Äôt issuing refunds or free rebooking like they were before the crisis intensified. https://t.co/0NQJ3SYdXM,[],United Kingdom,"Honley, England","[[[-1.824708, 53.552725], [-1.742639, 53.552725], [-1.742639, 53.611554], [-1.824708, 53.611554]]]",2020-03-08,11:12:02
Been waiting on hold for easyJet @easyJet My daughters are due to fly from Venice to Manchester airport tomorrow afternoon! Are the flights still happening or is it on lock down,[],United Kingdom,"Cheadle, England","[[[-2.2470769, 53.327794], [-2.10089, 53.327794], [-2.10089, 53.407347], [-2.2470769, 53.407347]]]",2020-03-08,11:20:29
@easyJet my daughter‚Äôs are due to fly from Venice to Manchester airport tomorrow afternoon! I‚Äôm currently on hold (2hours) with easyJet! Simple question? Is it on lock down or it it flights still returning?,[],United Kingdom,"Cheadle, England","[[[-2.2470769, 53.327794], [-2.10089, 53.327794], [-2.10089, 53.407347], [-2.2470769, 53.407347]]]",2020-03-08,11:34:46
Italian government announces lockdown for parts of northern Italy due to coronavirus  https://t.co/wXmzh5uN4g,[],United Kingdom,"Salford, England","[[[-2.454026, 53.4163477], [-2.245107, 53.4163477], [-2.245107, 53.5342592], [-2.454026, 53.5342592]]]",2020-03-08,11:42:53
"Student thought they saw someone with a gun, police were called and the school was on lockdown with police dogs and a tonne of police cars showing up, parents at the gate panicking and wondering what was going on. Turns out the gun was a sweets dispenser toy. https://t.co/sKGFASRKdz",[],United Kingdom,"Reading, England","[[[-1.065041, 51.4123385], [-0.8990196, 51.4123385], [-0.8990196, 51.4927093], [-1.065041, 51.4927093]]]",2020-03-08,12:08:33
"@Beccy_1988 Dont make me fight you for the vodka, but then again I make mean cocktails... Tesco's lock down side businesses getting people hammered... I would also like eye candy say well so many rugby players to be with us?",[],United Kingdom,"Camberwell, London","[[[-0.1114755, 51.4194247], [-0.0297308, 51.4194247], [-0.0297308, 51.509947], [-0.1114755, 51.509947]]]",2020-03-08,12:15:18
The island we visited in the maldives is on lockdown due to coronavirus... what a place to be for an extra 2 weeks ü§©,[],United Kingdom,"Waterlooville, England","[[[-1.0543757, 50.8549694], [-1.002923, 50.8549694], [-1.002923, 50.909615], [-1.0543757, 50.909615]]]",2020-03-08,12:21:30
Day 1 on #lockdown - Milano you are still splendid (pic sent from family) #COVID19 https://t.co/Ibw7BwcMhQ,"['lockdown', 'COVID19']",United Kingdom,"Lambeth, London","[[[-0.15191, 51.410792], [-0.078902, 51.410792], [-0.078902, 51.509887], [-0.15191, 51.509887]]]",2020-03-08,12:24:32
"@easyJet what are you doing about my flights please.
2285 LTN to MXP 19th March cancelled but my return 8198 MXP to LGW 22nd March Iis not cancelled?
Can I get a full refund for both these flights now MXP is in lockdown?",[],United Kingdom,"Blaby, England","[[[-1.187247, 52.556333], [-1.148116, 52.556333], [-1.148116, 52.5927186], [-1.187247, 52.5927186]]]",2020-03-08,13:54:38
"Dear friend of mine living now for many years in Reggio Emilia, the great Nursery Education centre, reports general calmness, but lockdown, silence, deserted streets &amp; many infected people. 
All sympathy, solidarity, thoughts &amp; prayers from educators who hallow this special town",[],United Kingdom,"Cumbernauld, Scotland","[[[-4.0550172, 55.9261031], [-3.962212, 55.9261031], [-3.962212, 55.958497], [-4.0550172, 55.958497]]]",2020-03-08,14:05:41
"No pictures north of Rome on @guardian picture desk? Coronavirus live updates: Italian PM signs lockdown decree affecting millions in north

https://t.co/17ofagGqvn",[],United Kingdom,"Camden Town, London","[[[-0.213503, 51.512805], [-0.105303, 51.512805], [-0.105303, 51.572068], [-0.213503, 51.572068]]]",2020-03-08,15:00:47
@NT_CTannenbaum Thanks Carl. They are in the lockdown area but in good spirit. And terribly bored.,[],United Kingdom,"Hammersmith, London","[[[-0.254563, 51.463873], [-0.177653, 51.463873], [-0.177653, 51.532901], [-0.254563, 51.532901]]]",2020-03-08,15:13:55
"Having a day running around trying to sort stuff before flying to Australia tonight, all while the Coronavirus situation keeps evolving. Italy lockdown could really impact Ferrari too #F1 https://t.co/EaJ5DsV8tu",['F1'],United Kingdom,"Wandsworth, London","[[[-0.259465, 51.417277], [-0.127974, 51.417277], [-0.127974, 51.486036], [-0.259465, 51.486036]]]",2020-03-08,15:18:25
"@easyJet why are you still flying flights to Milan Malpensa when there is a lockdown in Lombardy and National airline has suspended flights? If I can‚Äôt get a refund and fly in, can I get home again?!?!?",[],United Kingdom,"Edinburgh, Scotland","[[[-3.3285119, 55.894729], [-3.077505, 55.894729], [-3.077505, 55.991662], [-3.3285119, 55.991662]]]",2020-03-08,17:04:07
Seems airlines need to get on board the #coronavirus lockdown. Yes it's shit that people may need refunds but how can you have a lockdown with flights still coming and going from #milan and #venice Take responsibility @easyjet and @Ryanair #doyourbit #italy,"['coronavirus', 'milan', 'venice', 'doyourbit', 'italy']",United Kingdom,"Whickham, England","[[[-1.7029173, 54.931617], [-1.6625031, 54.931617], [-1.6625031, 54.963623], [-1.7029173, 54.963623]]]",2020-03-08,17:23:19
@compo99 @RealityHurts17 @SkyNews Flu doesn‚Äôt spread so quickly it‚Äôs not killing people in such a short period of time it‚Äôs not so contagious Jesus don‚Äôt you watch Iran ...China ?  China is only slowing down because of the lockdown,[],United Kingdom,"Fareham, England","[[[-1.228409, 50.829335], [-1.112294, 50.829335], [-1.112294, 50.872791], [-1.228409, 50.872791]]]",2020-03-08,17:24:36
So the Italian City of Modena is in lock down due to coronavirus. Expect the shelves to be cleared of balsamic vinegar by the panic buyers at Waitrose.,[],United Kingdom,"Huncote, England","[[[-1.2427178, 52.5696294], [-1.2311436, 52.5696294], [-1.2311436, 52.5761275], [-1.2427178, 52.5761275]]]",2020-03-08,18:46:01
Caller to LBC claiming we haven't closed our borders because of the EU. That's the same EU which has allowed Italy to lock down Lombardy isn't it? #coronvirusuk,['coronvirusuk'],United Kingdom,"Ealing, London","[[[-0.351597, 51.491866], [-0.243263, 51.491866], [-0.243263, 51.537638], [-0.351597, 51.537638]]]",2020-03-08,18:56:13
@federicogatti If Milan is in Lockdown why have you flown here ? Is that not a very selfish thing to do,[],United Kingdom,"Camberwell, London","[[[-0.1114755, 51.4194247], [-0.0297308, 51.4194247], [-0.0297308, 51.509947], [-0.1114755, 51.509947]]]",2020-03-08,19:23:10
@ExpediaUK  What happens to my non-refundable hotel booking 1-4 April now Venice is in lockdown?,[],United Kingdom,"Bristol, England","[[[-2.659936, 51.399367], [-2.510844, 51.399367], [-2.510844, 51.516387], [-2.659936, 51.516387]]]",2020-03-08,19:33:24
"@piersmorgan What else should we do at this moment Piers. By tracing and controlling we are keeping the numbers down. There will be a point where can't and thats when some areas will go into lockdown. Now then you clever shite, what do you suggest.",[],United Kingdom,"North East, England","[[[-2.6896487528799, 54.4511368492598], [-0.789589998657534, 54.4511368492598], [-0.789589998657534, 55.8116995493485], [-2.6896487528799, 55.8116995493485]]]",2020-03-08,19:35:47
"@Musicallymonae Bernie threatens all the big mega money interest parties. So now that he is a clear front runner, they will try to crush him early before his ideals fully lock down their roots. Don‚Äôt under estimate Bloomberg‚Äôs behind the scene influence either.",[],United Kingdom,"Brent, London","[[[-0.336055, 51.527592], [-0.1902264, 51.527592], [-0.1902264, 51.602799], [-0.336055, 51.602799]]]",2020-03-08,19:42:50
"Gradually loosing my shizzle with @easyJet High call volumes? No shit Sherlock... justifying how you‚Äôre still going to send flights to quarantined areas in a European country on lock down?? Come on, do better, say something other than ‚Äòplease hold the line caller!‚Äô #coronavirus",['coronavirus'],United Kingdom,"Bedford, England","[[[-0.51552, 52.1048731], [-0.4032125, 52.1048731], [-0.4032125, 52.1700739], [-0.51552, 52.1700739]]]",2020-03-08,20:34:15
Wont be long before all Europe will be in lock down #COVID19 https://t.co/ArmHIRKSGl,['COVID19'],United Kingdom,"Chichester, England","[[[-0.82545, 50.820431], [-0.749462, 50.820431], [-0.749462, 50.861405], [-0.82545, 50.861405]]]",2020-03-08,21:17:24
@everton_toffee1 You think? I‚Äôm trying not to think of it happening but the reality is I don‚Äôt think it‚Äôs even started yet. I just can‚Äôt imagine the logistics of it all and would it be quarantined in house or lockdown of whole areas?,[],United Kingdom,"Stockbridge Village, England","[[[-2.873358, 53.4284], [-2.857148, 53.4284], [-2.857148, 53.442109], [-2.873358, 53.442109]]]",2020-03-08,21:21:20
This is sad news. The resort of #Cervinia has decided to close its ski lifts with effect from Monday 9th March due to Coronavirus. The Aosta Valley is not currently subjected to the lock down restrictions in Italy and is doing this voluntarily to help contain the spread https://t.co/6rlVdBJ0GO,['Cervinia'],United Kingdom,"Cardiff, Wales","[[[-3.278624, 51.447362], [-3.0809756, 51.447362], [-3.0809756, 51.5466412], [-3.278624, 51.5466412]]]",2020-03-08,21:25:49
@louiseteaches It must be bad when Northern Italy has a substantial lockdown with quarantined zones!,[],United Kingdom,"Strabane, Northern Ireland","[[[-7.4879199, 54.804001], [-7.4450461, 54.804001], [-7.4450461, 54.8443751], [-7.4879199, 54.8443751]]]",2020-03-08,22:19:38
"@ChrisSidwells @federicogatti If this is true, and there's no reason to believe otherwise, it redefines incompetence and a lack of care. I booked a flight to Venice, just before it all kicked off, Italian gov, lockdown; UK airline, business as usual!",[],United Kingdom,"Ulverston, England","[[[-3.1055149, 54.1775098], [-3.0533857, 54.1775098], [-3.0533857, 54.2032036], [-3.1055149, 54.2032036]]]",2020-03-08,22:24:12
@TheRealRimzee The lock down years was just a set back for you cuz! It had to happen for you to become the man you are now...Now your READYYY,[],United Kingdom,"Manchester, England","[[[-2.319934, 53.343623], [-2.147026, 53.343623], [-2.147026, 53.5702824], [-2.319934, 53.5702824]]]",2020-03-08,22:33:41
"@CheralynDavey @DHSCgovuk @CMO_England See my last retweet. A man just walked off a plane from Milan which is supposed to be on lockdown.
Walked straight through #Gatwick airport,
No posters, checks, nothing",['Gatwick'],United Kingdom,"Wootton, England","[[[-0.5416725, 52.0908084], [-0.520596, 52.0908084], [-0.520596, 52.1133288], [-0.5416725, 52.1133288]]]",2020-03-08,22:51:49
My hometown in Italy is under the #coronavirus lockdown. I spent 10 days looking after my sick (not tested) eldest niece remotely and now reassuring my pregnant youngest that they‚Äôll be ok. Not fun.,['coronavirus'],United Kingdom,"Islington, London","[[[-0.1420579, 51.5185518], [-0.076305, 51.5185518], [-0.076305, 51.575301], [-0.1420579, 51.575301]]]",2020-03-08,22:54:18
A not-so-serious guide to surviving a coronavirus lockdown (in style) https://t.co/SXKuWriAeB,[],United Kingdom,"Wales, United Kingdom","[[[-5.35340678071236, 51.3787780012005], [-2.64982707940341, 51.3787780012005], [-2.64982707940341, 53.4300939018827], [-5.35340678071236, 53.4300939018827]]]",2020-03-07,11:10:27
I don‚Äôt need to #panickbuying as I got my box of @WhoGivesACrapTP before Christmas- it‚Äôs delightful like unwrapping a present every time you change the roll. Recently got tissues and kitchen towel too so I can go into lock down for at least six monthsüòú https://t.co/2mgseovkZn,['panickbuying'],United Kingdom,"Wallsend, England","[[[-1.558785, 54.982911], [-1.4843777, 54.982911], [-1.4843777, 55.019406], [-1.558785, 55.019406]]]",2020-03-07,11:39:46
"Despite the higher pain impact, love being out on the bike, I don't feel impaired as I do on two feet. It has also had a positive impact on my PTSD, grabbing the bike when I feel overwhelming urge to lock down. üö≤ü§ó https://t.co/qqFIMD8LjW",[],United Kingdom,"Farnborough, South East","[[[-0.8054177, 51.266284], [-0.732525, 51.266284], [-0.732525, 51.3196], [-0.8054177, 51.3196]]]",2020-03-07,12:15:55
"@WillGuillory Jrue can guard basically 1-4 confidently. Well depends on the 4, hes even proved he can lock down KD arguably the best scorer last decade.",[],United Kingdom,"Walthamstow, London","[[[-0.06111, 51.5499687], [0.023642, 51.5499687], [0.023642, 51.648542], [-0.06111, 51.648542]]]",2020-03-07,16:53:21
"it was mental in there as well, they kept having to lock down the ward i was in, twice for violent patients kicking off so the police had to come and sit with them, and once because the coronavirus patient had got out and was wondering around",[],United Kingdom,"Radlett, East","[[[-0.335879, 51.672586], [-0.3039802, 51.672586], [-0.3039802, 51.696172], [-0.335879, 51.696172]]]",2020-03-07,17:56:07
"Breaking news 
Middle England is  under lock down due to the #coronvirusuk",['coronvirusuk'],United Kingdom,"Braunstone, England","[[[-1.211646, 52.5942331], [-1.1620067, 52.5942331], [-1.1620067, 52.6288], [-1.211646, 52.6288]]]",2020-03-07,18:03:08
@Stiqqy_ They just lockdown Venice though https://t.co/PLirK9zNcM,[],United Kingdom,"Doncaster, England","[[[-1.2024508, 53.473157], [-1.0762686, 53.473157], [-1.0762686, 53.562139], [-1.2024508, 53.562139]]]",2020-03-07,20:27:12
@Stiqqy_ Lockdown from midnight until April 3rd earliest https://t.co/KL6KYXKlzL,[],United Kingdom,"Doncaster, England","[[[-1.2024508, 53.473157], [-1.0762686, 53.473157], [-1.0762686, 53.562139], [-1.2024508, 53.562139]]]",2020-03-07,20:51:48
"That‚Äôs, what, 10 million people into lockdown in Italy üò≥

 https://t.co/MyUspQr35P",[],United Kingdom,"London, England","[[[-0.510364798739281, 51.2867019756122], [0.334043461659515, 51.2867019756122], [0.334043461659515, 51.6918240878432], [-0.510364798739281, 51.6918240878432]]]",2020-03-07,21:00:19
@Stiqqy_ You got a few hours. Then lockdown for a month. https://t.co/3QDHbzKiMx,[],United Kingdom,"Doncaster, England","[[[-1.2024508, 53.473157], [-1.0762686, 53.473157], [-1.0762686, 53.562139], [-1.2024508, 53.562139]]]",2020-03-07,21:01:27
"@timothypost Milan to be put in lockdown on Sunday until April 3rd - in fact, all the Lombardy region..",[],United Kingdom,"Hull, England","[[[-0.422572, 53.719616], [-0.2453134, 53.719616], [-0.2453134, 53.812018], [-0.422572, 53.812018]]]",2020-03-07,21:16:47
@10DowningStreet @BorisJohnson I think we need lock down soon,[],United Kingdom,"Easebourne, England","[[[-0.737916, 50.990589], [-0.721209, 50.990589], [-0.721209, 51.0007368], [-0.737916, 51.0007368]]]",2020-03-07,21:45:35
"#Coronavirus: #Milan set for lockdown with Italy poised to shut worst-hit region
https://t.co/KAV4ZbvyKA ‚Å¶@SkyNews‚Å© https://t.co/aswnaCdvB8","['Coronavirus', 'Milan']",United Kingdom,"London, England","[[[-0.187894, 51.483718], [-0.109978, 51.483718], [-0.109978, 51.5164655], [-0.187894, 51.5164655]]]",2020-03-07,21:57:43
@Skyline73446331 Italy Venice and Milan on lockdown as of midnight. This should be a time machine for all you prepping in UK. For what is in store for future. #lockdown #Venice https://t.co/zUPQHx0GJn,"['lockdown', 'Venice']",United Kingdom,"Doncaster, England","[[[-1.2024508, 53.473157], [-1.0762686, 53.473157], [-1.0762686, 53.562139], [-1.2024508, 53.562139]]]",2020-03-07,22:04:23
"Pretty significant if Italy lockdown Lombardy until early April effective immediately.

Hardly the most important thing but what happens to Inter and AC Milan?",[],United Kingdom,"Sale, England","[[[-2.3798084, 53.358611], [-2.2737406, 53.358611], [-2.2737406, 53.4417876], [-2.3798084, 53.4417876]]]",2020-03-07,22:05:51
Italian government poised to lock down parts of northern Italy  https://t.co/PvjShXn0Wm,[],United Kingdom,"Liverpool, England","[[[-3.008791, 53.36489], [-2.822063, 53.36489], [-2.822063, 53.474867], [-3.008791, 53.474867]]]",2020-03-07,22:15:30
Italian government poised to lock down parts of northern Italy  https://t.co/oXfhqkLcEC,[],United Kingdom,"Camberwell, London","[[[-0.1114755, 51.4194247], [-0.0297308, 51.4194247], [-0.0297308, 51.509947], [-0.1114755, 51.509947]]]",2020-03-07,22:21:02
Totally baffled why people are panic buying toilet roll...I mean I totally get it‚Äôs a everyday essential but if I‚Äôm going to be on lock down for weeks I can think of a lot more I‚Äôd be buying in bulk #coronvirusuk,['coronvirusuk'],United Kingdom,"Birmingham, England","[[[-2.033651, 52.381063], [-1.74763, 52.381063], [-1.74763, 52.60687], [-2.033651, 52.60687]]]",2020-03-07,22:21:18
@WLaowai8 @Hide_444 Venice and Milan lockdown https://t.co/TKMI0EK8u5,[],United Kingdom,"Doncaster, England","[[[-1.2024508, 53.473157], [-1.0762686, 53.473157], [-1.0762686, 53.562139], [-1.2024508, 53.562139]]]",2020-03-07,22:32:25
"Lockdown as Italy poised to shut worst-hit region

https://t.co/S38sx5sjST

Sent via @updayUK",[],United Kingdom,"Carmarthen, Wales","[[[-4.338607, 51.841424], [-4.277656, 51.841424], [-4.277656, 51.875884], [-4.338607, 51.875884]]]",2020-03-07,22:36:35
@daniellebiddlex Lockdown anyway https://t.co/V10mSwtcIM,[],United Kingdom,"Doncaster, England","[[[-1.2024508, 53.473157], [-1.0762686, 53.473157], [-1.0762686, 53.562139], [-1.2024508, 53.562139]]]",2020-03-07,22:36:39
@jjsmokkieBOY57 @WintersPilar Milan &amp; Venice in possible lock down tomorrow,[],United Kingdom,"Falkirk, Scotland","[[[-3.8516393, 55.983199], [-3.753932, 55.983199], [-3.753932, 56.0406318], [-3.8516393, 56.0406318]]]",2020-03-07,22:42:13
"@DanSlott Would you believe people are nervous to pick comics off the shelf?? Madness.

People should be stocking up incase of lock down!!!",[],United Kingdom,"Rochester, South East","[[[0.477715, 51.3252977], [0.5593765, 51.3252977], [0.5593765, 51.403378], [0.477715, 51.403378]]]",2020-03-07,22:48:35
Surely those in Lombardy who have the means are travelling in whichever direction they can to escape this proposed lockdown? Like get the hell outta there.....#advance #notice https://t.co/IQ9VhGwdbB,"['advance', 'notice']",United Kingdom,"Sheffield, England","[[[-1.573648, 53.309898], [-1.325576, 53.309898], [-1.325576, 53.4564311], [-1.573648, 53.4564311]]]",2020-03-07,23:18:01
"So people in the UK are criticised for #panickbuying ...Maybe it's because we're just a couple of weeks behind Italy..ü§îü§î ""Italian government poised to lock down parts of northern Italy""  https://t.co/W0guR1IGaD",['panickbuying'],United Kingdom,"Macclesfield, England","[[[-2.176513, 53.2366549], [-2.094475, 53.2366549], [-2.094475, 53.298646], [-2.176513, 53.298646]]]",2020-03-07,23:28:57
@L0gg0l @Amos8125 Remind me of Wuhan lockdown,[],United Kingdom,"Doncaster, England","[[[-1.2024508, 53.473157], [-1.0762686, 53.473157], [-1.0762686, 53.562139], [-1.2024508, 53.562139]]]",2020-03-07,23:46:15
"#WheresRossi

Is he at home?
Is he on lockdown?
Has he fled the scene?

#MotoGP
#COVID19 
@ValeYellow46
@MotoGP 
@btsportmotogp","['WheresRossi', 'MotoGP', 'COVID19']",United Kingdom,"Margate, England","[[[1.276074, 51.365799], [1.439771, 51.365799], [1.439771, 51.393166], [1.276074, 51.393166]]]",2020-03-08,00:20:46
"""Italian government poised to lock down parts of northern Italy""  https://t.co/38uNLEo5Q6",[],United Kingdom,"Croydon, London","[[[-0.161749, 51.294332], [-0.023517, 51.294332], [-0.023517, 51.42353], [-0.161749, 51.42353]]]",2020-03-08,01:15:08
"Several parts of Northedn Italy are in a lockdown to limit the spread of coronavirus. The government has banned public events such as weddings, funeral and sports https://t.co/NLjEOEmqLb",[],United Kingdom,"Enfield, London","[[[-0.18576, 51.604519], [-0.0125671, 51.604519], [-0.0125671, 51.686032], [-0.18576, 51.686032]]]",2020-03-08,03:14:23
"@lunchforone @lukerumley @FerroTV @WSJ Hi, is travel to and from Venice going to be part of the lockdown do you know?",[],United Kingdom,"Scotland, United Kingdom","[[[-7.66085699743185, 54.6336309570711], [-0.740025000483186, 54.6336309570711], [-0.740025000483186, 60.8452769694519], [-7.66085699743185, 60.8452769694519]]]",2020-03-08,04:10:44
"With Milan and other provinces on lockdown, will flights on the 19th March out of Bristol, now be cancelled/refunded?",[],United Kingdom,"Bradford-on-Avon, England","[[[-2.266559, 51.335251], [-2.23649, 51.335251], [-2.23649, 51.3614919], [-2.266559, 51.3614919]]]",2020-03-08,05:20:26
Italian government announces lockdown for parts of northern Italy due to coronavirus  https://t.co/YrECcAY5Vt,[],United Kingdom,"Romford, London","[[[0.140821, 51.500544], [0.280358, 51.500544], [0.280358, 51.62063], [0.140821, 51.62063]]]",2020-03-08,06:14:42
Half the Italian North on lockdown https://t.co/qzt6q0aiIZ,[],United Kingdom,"Bradford, England","[[[-1.837304, 53.773415], [-1.696336, 53.773415], [-1.696336, 53.858452], [-1.837304, 53.858452]]]",2020-03-08,06:19:12
Italian government announces lockdown for parts of northern Italy due to coronavirus  https://t.co/plAPDlss5x,[],United Kingdom,"Larkhill, England","[[[-1.829056, 51.191777], [-1.796403, 51.191777], [-1.796403, 51.204526], [-1.829056, 51.204526]]]",2020-03-08,07:32:41
@MattHancock Italian regions niw under lockdown üôÅü§∑‚Äç‚ôÇÔ∏è https://t.co/9ObYjw09HM,[],United Kingdom,"Haverfordwest, Wales","[[[-5.00763, 51.7840031], [-4.9521568, 51.7840031], [-4.9521568, 51.8181572], [-5.00763, 51.8181572]]]",2020-03-08,07:42:38
"In the SEVEN hours it took the Italian PM @GiuseppeConteIT &amp; government to officially confirm the country‚Äôs Northern lockdown (while newspapers knew already) there was widespread confusion and panic. People running to train stations to take the last trains out, utter chaos üò± https://t.co/2fEKkRepc3",[],United Kingdom,"Kensington, London","[[[-0.2285894, 51.4772246], [-0.1497908, 51.4772246], [-0.1497908, 51.5303477], [-0.2285894, 51.5303477]]]",2020-03-08,07:50:15
"@BillNeelyNBC Does anyone know if #EmmaThompson will be caught up in this Italian lock down, or has she jetted back to the #BrexitBritain she was so quick to leave?","['EmmaThompson', 'BrexitBritain']",United Kingdom,"Newport, Wales","[[[-3.0812071, 51.549936], [-2.970463, 51.549936], [-2.970463, 51.621386], [-3.0812071, 51.621386]]]",2020-03-08,07:50:19
"Italian government announced the lock down of a few regions of Northern Italy before doing it, giving loads of infected people plenty of time to flee. ü§¶üèª‚Äç‚ôÇÔ∏è #COVID„Éº19 #Coronavirus https://t.co/lm3V7F4TMB","['COVID„Éº19', 'Coronavirus']",United Kingdom,"Milton Keynes, England","[[[-0.8604724, 51.973129], [-0.667655, 51.973129], [-0.667655, 52.094005], [-0.8604724, 52.094005]]]",2020-03-08,08:03:35
@rosiestephen2 @Ryanair No - @BethanyBellBB just said on the BBC that trains and planes will still run. Strange lockdown.. Please look at her latest Tweet.,[],United Kingdom,"Hull, England","[[[-0.422572, 53.719616], [-0.2453134, 53.719616], [-0.2453134, 53.812018], [-0.422572, 53.812018]]]",2020-03-08,08:11:18
@Kelzr84 Has to be off . We are going into the lockdown zone üòÇ,[],United Kingdom,"Byker, England","[[[-1.611559, 54.959766], [-1.530588, 54.959766], [-1.530588, 55.009984], [-1.611559, 55.009984]]]",2020-03-08,08:43:11
"Despite this lockdown, airports Milan-M and Linate and Venice all open this morning. Carrying people in and out!! https://t.co/UzymAyRUaF",[],United Kingdom,"Staines-upon-Thames, South East","[[[-0.523333, 51.378382], [-0.381669, 51.378382], [-0.381669, 51.460781], [-0.523333, 51.460781]]]",2020-03-08,08:50:41
"@CammyBlack More Italian #coronavirus news linked to sport. Essentially the areas where Ferrari, Pirelli, the Yamaha MotoGP team and where Valentino Rossi is based are all in lockdown.",['coronavirus'],United Kingdom,"Dewsbury, England","[[[-1.744655, 53.657326], [-1.584689, 53.657326], [-1.584689, 53.7463127], [-1.744655, 53.7463127]]]",2020-03-08,09:15:12
"Lockdown, Italian-style.. https://t.co/HzfoqRhTZ2",[],United Kingdom,"Hull, England","[[[-0.422572, 53.719616], [-0.2453134, 53.719616], [-0.2453134, 53.812018], [-0.422572, 53.812018]]]",2020-03-08,09:20:46
So Italy is ok lock down due to this Coronavirus.,[],United Kingdom,"Camden Town, London","[[[-0.213503, 51.512805], [-0.105303, 51.512805], [-0.105303, 51.572068], [-0.213503, 51.572068]]]",2020-03-08,09:21:24
"Italy is in lockdown, not long before we follow. Watch this space! #coronavirus",['coronavirus'],United Kingdom,"Woking, South East","[[[-0.6329393, 51.283513], [-0.4647322, 51.283513], [-0.4647322, 51.349531], [-0.6329393, 51.349531]]]",2020-03-08,09:23:57
Next item on the panic buying list is Peroni brewery is close to the lockdown zoneüò´,[],United Kingdom,"Salisbury, England","[[[-1.838006, 51.050942], [-1.765956, 51.050942], [-1.765956, 51.093695], [-1.838006, 51.093695]]]",2020-03-08,09:25:55
@WLaowai8 @marco_madmaxjs @Maru43915362 People fleeing Milan last night remind me of people fleeing Wuhan before lockdown. No idea where there fleeing too. https://t.co/wKKixBedil,[],United Kingdom,"Doncaster, England","[[[-1.2024508, 53.473157], [-1.0762686, 53.473157], [-1.0762686, 53.562139], [-1.2024508, 53.562139]]]",2020-03-08,09:26:21
Does the Italian Government not know what quarantine and lockdown means? Why are flights still operating in and out of Milan? What are @GOVUK doing about the people on flights landing in UK from Northern Italy? Shouldn‚Äôt they go into #quarantine? #coronavirus,"['quarantine', 'coronavirus']",United Kingdom,"Sheffield, England","[[[-1.573648, 53.309898], [-1.325576, 53.309898], [-1.325576, 53.4564311], [-1.573648, 53.4564311]]]",2020-03-08,09:28:48
"Northern Italy now in lock down, how long will it take people to realise that prosecco &amp; Pinot Grigio will both run out within a few days maybe a week in the UK. This will show the public just how streamlined supply chains really are and that Brexit and no deal are not an option.",[],United Kingdom,"Wales, United Kingdom","[[[-5.35340678071236, 51.3787780012005], [-2.64982707940341, 51.3787780012005], [-2.64982707940341, 53.4300939018827], [-5.35340678071236, 53.4300939018827]]]",2020-03-08,09:33:11
"""Italian government announces lockdown for parts of northern Italy due to coronavirus"" 
So how ready are we in the UK if we needed to implement such measures?
How would you and your family cope ?
#COVID19 #MHFA #PandemicPreparedness https://t.co/vGE6u8AYz8","['COVID19', 'MHFA', 'PandemicPreparedness']",United Kingdom,"Kingsley, England","[[[-2.682033, 53.25739], [-2.667864, 53.25739], [-2.667864, 53.271256], [-2.682033, 53.271256]]]",2020-03-08,09:46:43
"Gary Numan is 62 today. He predicted the virus and invented lockdown in 1979, with the haunting and portentous Cars. Chilling.",[],United Kingdom,"Esher, South East","[[[-0.387744, 51.349772], [-0.305355, 51.349772], [-0.305355, 51.403572], [-0.387744, 51.403572]]]",2020-03-08,09:51:11
"@NathanPeterHaas hey Nathan, Jim from Velonews here, we chatted before a uae stage about sprinters and lead outs
I too was in lockdown in a hotel and only got home last night. Do you have time today to catch up about your situation and how you are?
DM me or +447525931504",[],United Kingdom,"South East, England","[[[-1.95729593780907, 50.5746064789388], [1.45178800018019, 50.5746064789388], [1.45178800018019, 52.1962850088601], [-1.95729593780907, 52.1962850088601]]]",2020-03-03,04:12:38
@BBCBreakfast @BBCNews What do you all want the country in complete lock down,[],United Kingdom,"Bury, England","[[[-2.364483, 53.535082], [-2.2450333, 53.535082], [-2.2450333, 53.6263139], [-2.364483, 53.6263139]]]",2020-03-03,08:15:22
@BBCBreaking @BBCNews what is the support for SME businesses should @COVID19Update cause a lockdown and affect businesses financially?,[],United Kingdom,"Kirk Ella, England","[[[-0.476642, 53.737275], [-0.401931, 53.737275], [-0.401931, 53.7655506], [-0.476642, 53.7655506]]]",2020-03-03,08:24:43
"@pfcasey True, but only if our companies 100% lock down that time for those Virt Conferences. Otherwise we‚Äôll get pulled into other stuff sadly and not get the full benefit. Will be interesting üòÇ",[],United Kingdom,"Poynton, England","[[[-2.151288, 53.336163], [-2.091507, 53.336163], [-2.091507, 53.36375], [-2.151288, 53.36375]]]",2020-03-03,08:54:43
"Talks of citys going into lockdown #coronavirusuk #coronavirus and people working from home..
Fucked if I'm doing building work on my own house ü§™.
 Think I might just play #HouseFlipper üòÇ #Ps4Pro
@BristolianGamer @GamesShed @AndyMUFC1983 @NextGenCodger @TheOldLoftyOne","['coronavirusuk', 'coronavirus', 'HouseFlipper', 'Ps4Pro']",United Kingdom,"Wallasey, England","[[[-3.0788886, 53.4040483], [-3.014459, 53.4040483], [-3.014459, 53.443087], [-3.0788886, 53.443087]]]",2020-03-03,10:26:34
"Cities on lockdown being discussed by the Government.
I suggest everyone reads La Plague by Albert Camus. 
The prospect is frightening.",[],United Kingdom,"East Midlands, England","[[[-2.03410488116464, 51.9772264213839], [0.357994000542651, 51.9772264213839], [0.357994000542651, 53.6163564980205], [-2.03410488116464, 53.6163564980205]]]",2020-03-03,11:26:02
"We need to close down the UK and stop people leaving and entering the country and stop people moving around the country too a lock down is needed ,now https://t.co/BW8zcY8URc",[],United Kingdom,"Blackpool, England","[[[-3.0569682, 53.80665], [-3.00721, 53.80665], [-3.00721, 53.8757277], [-3.0569682, 53.8757277]]]",2020-03-03,11:41:04
"We needed close the borders stop people entering and leaving the country and stop people moving around the country we need a lock down ,now ......! https://t.co/xdfffbinsm",[],United Kingdom,"Blackpool, England","[[[-3.0569682, 53.80665], [-3.00721, 53.80665], [-3.00721, 53.8757277], [-3.0569682, 53.8757277]]]",2020-03-03,11:46:07
sharon making me go to asda to stock pile incase we get put in lockdown for coronavirus,[],United Kingdom,"Mountsorrel, England","[[[-1.164154, 52.7033071], [-1.1240233, 52.7033071], [-1.1240233, 52.7365389], [-1.164154, 52.7365389]]]",2020-03-03,13:39:55
Great afternoon working with Keith on pre-planning and lighting plotting for lOCkDown - The OCD film which shoots in 3 weeks time. Antique books are involved! #shortfilm #mentalhealth #mentalhealthawareness #filmmaking #lighting #ocd #obsessivecompulsivedisorder https://t.co/mYsiayyUbl,"['shortfilm', 'mentalhealth', 'mentalhealthawareness', 'filmmaking', 'lighting', 'ocd', 'obsessivecompulsivedisorder']",United Kingdom,"Dartford, South East","[[[0.150383, 51.414106], [0.262875, 51.414106], [0.262875, 51.466343], [0.150383, 51.466343]]]",2020-03-03,16:56:31
"@amscanlon Ann, how do you lockdown? Does it mean that only people who follow you can see your tweets? Or also including people you follow?",[],United Kingdom,"Cambridge, England","[[[0.0873022, 52.1642435], [0.18453, 52.1642435], [0.18453, 52.237704], [0.0873022, 52.237704]]]",2020-03-03,17:27:03
FFS that‚Äôs it now Carlisle will be in lockdown dont think I will rush back to work .         Exclusive: Cumbrian woman told she has coronavirus https://t.co/tNUPS65YvJ,[],United Kingdom,"Carlisle, England","[[[-2.99505, 54.864734], [-2.885517, 54.864734], [-2.885517, 54.939929], [-2.99505, 54.939929]]]",2020-03-03,19:08:26
"A lockdown procedure was implemented at the Kidsgrove high school.
https://t.co/v88iWfhKLo",[],United Kingdom,"Stone, England","[[[-2.1659686, 52.887992], [-2.1210021, 52.887992], [-2.1210021, 52.9150189], [-2.1659686, 52.9150189]]]",2020-03-03,20:49:28
"When I spoke with Al Redler this morning, he was fretting that my restaurant reviews might be curtailed in any Coronavirus lockdown. üå∂üå∂üå∂üå∂ Manchester remains my favourite Chaophraya, Newcastle in third place after Birmingham, list not representative of football allegiances https://t.co/c6orbnWCOo",[],United Kingdom,Chaophraya,"[[[-1.8936568399605171, 52.477099271273744], [-1.8936568399605171, 52.477099271273744], [-1.8936568399605171, 52.477099271273744], [-1.8936568399605171, 52.477099271273744]]]",2020-03-03,21:53:03
If We end up on lockdown from Coronavirus all Britbox subscriptions should be free to #DoctorWho  fans as a legitimate survival toolü§£üòâ,['DoctorWho'],United Kingdom,"Gateshead, England","[[[-1.619675, 54.9131098], [-1.517516, 54.9131098], [-1.517516, 54.9699803], [-1.619675, 54.9699803]]]",2020-03-03,22:08:45
@piersmorgan the chief medical officer is wrong. China did not close cities near wuhan. They closed down every major city in the country. My son lives in Kunming which is many miles from wuhan but has been on lockdown for 4 weeks now.,[],United Kingdom,"Greenwich, London","[[[-0.0335507, 51.436221], [0.06353, 51.436221], [0.06353, 51.506788], [-0.0335507, 51.506788]]]",2020-03-04,07:36:53
"Many thanks, @Aftab_Hussain and would love to have you on the podcast to talk #AI and student wellbeing and, how Ada might help in the event of a #coronavirusuk lockdown https://t.co/5HxkH0L1IM","['AI', 'coronavirusuk']",United Kingdom,"Liverpool, England","[[[-3.008791, 53.36489], [-2.822063, 53.36489], [-2.822063, 53.474867], [-3.008791, 53.474867]]]",2020-03-04,08:41:01
@Taylor_Magic JT once they announce a lock down https://t.co/x37iO2ArB8,[],United Kingdom,"High Wycombe, England","[[[-0.799282, 51.5837849], [-0.676246, 51.5837849], [-0.676246, 51.651902], [-0.799282, 51.651902]]]",2020-03-04,10:07:41
"@mrjamesob #coronavirusuk The moment I took it seriously was a long what's app from my son on Sunday evening.  He knows people who work in Biorisk - he told us to stockpile food and medication, prepare for lockdown and take every precaution.",['coronavirusuk'],United Kingdom,"Ealing, London","[[[-0.351597, 51.491866], [-0.243263, 51.491866], [-0.243263, 51.537638], [-0.351597, 51.537638]]]",2020-03-04,10:41:47
lockdown is now in place. thank you for your cooperation,[],United Kingdom,"Camden Town, London","[[[-0.213503, 51.512805], [-0.105303, 51.512805], [-0.105303, 51.572068], [-0.213503, 51.572068]]]",2020-03-04,10:48:21
"Close the UKs borders ,a lock down stop people moving around the UK https://t.co/TPdCRGKlCM",[],United Kingdom,"Blackpool, England","[[[-3.0569682, 53.80665], [-3.00721, 53.80665], [-3.00721, 53.8757277], [-3.0569682, 53.8757277]]]",2020-03-04,11:03:09
@urbandrum Lock down your aerial!,[],United Kingdom,"London, England","[[[-0.187894, 51.483718], [-0.109978, 51.483718], [-0.109978, 51.5164655], [-0.187894, 51.5164655]]]",2020-03-04,12:47:42
"@Est_1875 @opiniafacts @network_geek @drphilhammond Still compassing the incomparable. Death rate of 3.4% and WHO‚Äôs warnings and extreme measures, such as putting major cities in lock down, should be enough said.",[],United Kingdom,"Salford, England","[[[-2.454026, 53.4163477], [-2.245107, 53.4163477], [-2.245107, 53.5342592], [-2.454026, 53.5342592]]]",2020-03-04,14:40:03
@je55ica__rabbit @kdharland @NewcastleCC Will that area be put in lock down?,[],United Kingdom,"Newcastle Upon Tyne, England","[[[-1.6937923, 54.960055], [-1.596931, 54.960055], [-1.596931, 55.0240558], [-1.6937923, 55.0240558]]]",2020-03-04,17:09:32
@danhollandnews Would not a total lock down be prudent as a precautionary measure? This is a very dangerous pathogen from what I hear.,[],United Kingdom,"Newcastle Upon Tyne, England","[[[-1.6937923, 54.960055], [-1.596931, 54.960055], [-1.596931, 55.0240558], [-1.6937923, 55.0240558]]]",2020-03-04,17:35:24
"Calls to put Brexit talks on hold because of coronavirus...!

WTO it is then? The alternative is put the EU negotiating team into isolated lock down and/or straight jackets and heavy duty mouth gags.

https://t.co/XIoyZDOM5Z",[],United Kingdom,"Hillingdon, London","[[[-0.5086841, 51.4551164], [-0.3760375, 51.4551164], [-0.3760375, 51.619006], [-0.5086841, 51.619006]]]",2020-03-04,17:44:57
@rossmuir147 You got out of York for a bit just in time #lockdown,['lockdown'],United Kingdom,"York, England","[[[-1.147268, 53.9280019], [-1.0233813, 53.9280019], [-1.0233813, 54.004411], [-1.147268, 54.004411]]]",2020-03-04,17:50:45
"Lock down seems to be working in Wuhan, but can you imagine that happening here? #c4news",['c4news'],United Kingdom,"Lambeth, London","[[[-0.15191, 51.410792], [-0.078902, 51.410792], [-0.078902, 51.509887], [-0.15191, 51.509887]]]",2020-03-04,19:47:37
@BurstsOfAutumn I'm so scared üò≠‚ô•Ô∏è I'm honestly preparing for lockdown. Xxx,[],United Kingdom,"Wandsworth, London","[[[-0.259465, 51.417277], [-0.127974, 51.417277], [-0.127974, 51.486036], [-0.259465, 51.486036]]]",2020-03-04,19:52:26
"The world is on lock down because a city worth of people have the flu? 

Feels like this is a cover up for something else https://t.co/WNhSCNG3TY",[],United Kingdom,"Glasgow, Scotland","[[[-4.3932845, 55.796184], [-4.0902182, 55.796184], [-4.0902182, 55.9204214], [-4.3932845, 55.9204214]]]",2020-03-04,21:05:21
@jet2tweets with the Italy V England game being cancelled for fans and Italy on increasing lockdown.  Will our trip be eligible for a refund now?,[],United Kingdom,"Wednesfield, England","[[[-2.164786, 52.546974], [-2.048029, 52.546974], [-2.048029, 52.637542], [-2.164786, 52.637542]]]",2020-03-04,21:58:08
"@FanoftheLand13 All schools and universities closed until mid-March too.

In the US they call that ""lock down, active shooter""",[],United Kingdom,"Bristol, England","[[[-2.659936, 51.399367], [-2.510844, 51.399367], [-2.510844, 51.516387], [-2.659936, 51.516387]]]",2020-03-04,23:12:33
Tempted to say who would notice? But isn‚Äôt this going in direction of temporary Corona Virus cabinet of national unity until crisis over.? Probably useful to suspend Brexit negos as European Parliament in Brxls in semi lockdown @julian_glover @JoeMurphyLondon https://t.co/xJx5Wn5Bqm,[],United Kingdom,"London, England","[[[-0.187894, 51.483718], [-0.109978, 51.483718], [-0.109978, 51.5164655], [-0.187894, 51.5164655]]]",2020-03-04,23:23:13
@BlkParader Dunc and I will be fine I‚Äôm sure. Im more concerned about towns etc having to lockdown. I think it‚Äôs likely. And within the next ten days.,[],United Kingdom,"Catrine, Scotland","[[[-4.340288, 55.496663], [-4.3183963, 55.496663], [-4.3183963, 55.511131], [-4.340288, 55.511131]]]",2020-03-05,01:02:44
"Supposed to be getting the train to Stockholm to run my first marathon there, in May. Hesitant to book in case we're about to get a virus lockdown imposed on us. Anyone got any pointers on insurance or if tickets would be refundable? @seatsixtyone @thetravelbureau",[],United Kingdom,"Southampton, England","[[[-1.476463, 50.883056], [-1.3164712, 50.883056], [-1.3164712, 50.959599], [-1.476463, 50.959599]]]",2020-03-05,08:27:55
"We have discussed lockdown.
Scaremongering? Nothing wrong with a 14 day pub lock in. @ The Ingate Freehouse https://t.co/9UvtnmlUNl",[],United Kingdom,"Beccles, England","[[[1.552226, 52.437201], [1.614016, 52.437201], [1.614016, 52.4658055], [1.552226, 52.4658055]]]",2020-03-05,09:07:55
@StrtegicRetweet @onenickhancock @Lee_JM75 @FriendsUnitedUK @jangomac72 @madaboutHolly @TheInvisibleMan Get it watched asap m8 befoere were all in lock down lol,[],United Kingdom,"Stoke-on-Trent, England","[[[-2.226804, 52.9489413], [-2.081221, 52.9489413], [-2.081221, 53.089852], [-2.226804, 53.089852]]]",2020-03-05,09:10:33
"@amscanlon @Blackteadrinker @CF_Farrow You're on lockdown too?
This is ridiculous.
That's almost HALF of those posting to me are presently on a bar. 
What is going on? ü§î",[],United Kingdom,"Swindon, England","[[[-1.8519024, 51.535198], [-1.719477, 51.535198], [-1.719477, 51.6108189], [-1.8519024, 51.6108189]]]",2020-03-05,11:27:54
"Ok. I‚Äôve decided. If there‚Äôs a lockdown, be it because of a pandemic or the zombie apocalypse, I‚Äôm heading straight for @WaterstonesGla.  I can‚Äôt think of anywhere else I‚Äôd rather have to spend several days and nights, than rolling around (metaphorically) in shelves of books.",[],United Kingdom,"Glasgow, Scotland","[[[-4.3932845, 55.796184], [-4.0902182, 55.796184], [-4.0902182, 55.9204214], [-4.3932845, 55.9204214]]]",2020-03-05,14:40:54
Lockdown for at least five days. Oh God. The swab team looked like nuclear weapons inspectors.,[],United Kingdom,"Kensington, London","[[[-0.2285894, 51.4772246], [-0.1497908, 51.4772246], [-0.1497908, 51.5303477], [-0.2285894, 51.5303477]]]",2020-03-05,15:10:27
Just Lockdown and Quarntine the whole country for 2 week and deploy the army to enforce it #Coronvirus,['Coronvirus'],United Kingdom,"Norwich, England","[[[1.20388, 52.598032], [1.342283, 52.598032], [1.342283, 52.684934], [1.20388, 52.684934]]]",2020-03-05,15:30:16
The lockdown,[],United Kingdom,"Dartford, South East","[[[0.150383, 51.414106], [0.262875, 51.414106], [0.262875, 51.466343], [0.150383, 51.466343]]]",2020-03-05,15:34:29
"Just done the shopping,
100 toilet rolls ‚úÖ
4 x 5kilo bags of pasta‚úÖ
36 tins of beans ‚úÖ
20 jars of pasta sauce‚úÖ
20 bags of bread flour‚úÖ
50 chicken breasts ‚úÖ
That should keep the Mrs going if there is a lockdown whilst I‚Äôm at @CheltenhamRaces next week üòÇüòÇüòÇ#Cheltenham",['Cheltenham'],United Kingdom,"Wellington, England","[[[-2.5461358, 52.6891884], [-2.490168, 52.6891884], [-2.490168, 52.724395], [-2.5461358, 52.724395]]]",2020-03-05,19:01:55
‚ÄúIf there‚Äôs a lockdown will I be able to go to subway‚Äù ‚Äúno‚Äù ‚Äúomg oh no please don‚Äôt let there be a lockdown‚Äù,[],United Kingdom,"Manchester, England","[[[-2.319934, 53.343623], [-2.147026, 53.343623], [-2.147026, 53.5702824], [-2.319934, 53.5702824]]]",2020-03-05,19:17:01
@Steve75250379 Two week lock down for you,[],United Kingdom,"Tonyrefail, Wales","[[[-3.4420716, 51.568124], [-3.414169, 51.568124], [-3.414169, 51.59023], [-3.4420716, 51.59023]]]",2020-03-05,21:21:09
@MrTickle3 @LesTroisChenes But they aren‚Äôt. No intention. China was on lockdown when they had relatively few cases. We‚Äôre just carrying on but using hand sanitizer.,[],United Kingdom,"Bournemouth, England","[[[-1.93759, 50.7095004], [-1.7676241, 50.7095004], [-1.7676241, 50.775036], [-1.93759, 50.775036]]]",2020-03-05,22:06:41
This Is What ACTUALLY Happens During Prison Lockdown https://t.co/JiweXo5fcp via @YouTube,[],United Kingdom,"Walthamstow, London","[[[-0.06111, 51.5499687], [0.023642, 51.5499687], [0.023642, 51.648542], [-0.06111, 51.648542]]]",2020-03-06,01:41:38
Problem with comparing UK with Wuhan is that UK not in total lockdown is it. https://t.co/KvrKN2qgq4,[],United Kingdom,"Crediton, England","[[[-3.676287, 50.7794], [-3.633778, 50.7794], [-3.633778, 50.796154], [-3.676287, 50.796154]]]",2020-03-06,07:28:49
@yaasirTM James Harden put in lockdown,[],United Kingdom,"Manchester, England","[[[-2.319934, 53.343623], [-2.147026, 53.343623], [-2.147026, 53.5702824], [-2.319934, 53.5702824]]]",2020-03-06,07:54:10
"Unfortunately the #coronavirus is now officially in Cardiff!
A chemist shop has already run of hand sanitiser and a Doctor‚Äôs surgery in lockdown!
My advice to you Doctor is to get in the TARDIS and get the heck out!
#MattSmith #DoctorWho #Cardiff https://t.co/9jErmdSRmJ","['coronavirus', 'MattSmith', 'DoctorWho', 'Cardiff']",United Kingdom,"Cardiff, Wales","[[[-3.278624, 51.447362], [-3.0809756, 51.447362], [-3.0809756, 51.5466412], [-3.278624, 51.5466412]]]",2020-03-06,07:55:10
"My breathing is bad today. However I am alive while still on lockdown. Just found an online supermarket who are delivering me ice cream, cheese, bread etc. Costing a fortune but I don‚Äôt care at this point.",[],United Kingdom,"Kensington, London","[[[-0.2285894, 51.4772246], [-0.1497908, 51.4772246], [-0.1497908, 51.5303477], [-0.2285894, 51.5303477]]]",2020-03-06,08:28:41
"Yogi is now on a precautionary lockdown: 

‚ùå No socialising with pug friends üê∂

‚ùå No sniffing strange bitches üê©

‚ùå No chasing neighbour‚Äôs catüê± 

‚ùå No claps from excitable humans ü§ó

ü¶Åüò∑

(Only kidding üòâ) 
https://t.co/Vew4Uk8EIx",[],United Kingdom,"Glasgow, Scotland","[[[-4.3932845, 55.796184], [-4.0902182, 55.796184], [-4.0902182, 55.9204214], [-4.3932845, 55.9204214]]]",2020-03-06,08:39:54
@FatbotGames Lockdown. ü§Øüëåüèªüëåüèªüëåüèª,[],United Kingdom,"North East, England","[[[-2.6896487528799, 54.4511368492598], [-0.789589998657534, 54.4511368492598], [-0.789589998657534, 55.8116995493485], [-2.6896487528799, 55.8116995493485]]]",2020-03-06,13:12:27
So I am still trying my best to work even in lockdown https://t.co/yVFldjihyQ,[],United Kingdom,"Kensington, London","[[[-0.2285894, 51.4772246], [-0.1497908, 51.4772246], [-0.1497908, 51.5303477], [-0.2285894, 51.5303477]]]",2020-03-06,14:46:07
"SF is on lock down right now because of Coronavirus (All the major companies are telling their workers to operate from home).

No surprise their cancelling TwitchCon.

There's no cause for alarm in the UK thankfully, but the US healthcare situation makes this a good call.",[],United Kingdom,"Kingston upon Thames, London","[[[-0.3229167, 51.3428601], [-0.234011, 51.3428601], [-0.234011, 51.437266], [-0.3229167, 51.437266]]]",2020-03-06,15:07:03
"And that's a wrap, work can fuck the fuck off until Monday, and even then it's questionable üòÅ
Even better news, the office is on lock down so I'll not be working away from home for a while after next week üëç #WinnerWinnerChickenDinner",['WinnerWinnerChickenDinner'],United Kingdom,"South East, England","[[[-1.95729593780907, 50.5746064789388], [1.45178800018019, 50.5746064789388], [1.45178800018019, 52.1962850088601], [-1.95729593780907, 52.1962850088601]]]",2020-03-06,17:31:27
"As seen In London..at Jessie Western
.
ATTENTION MUST BE MADE TO THE DETAILS. 

.
STUDIO LOCK DOWN CONTINUES.
.

#katschilke #richhippychick #santafe #newmexico #santafestyle #streetwear #handmade #streefashion‚Ä¶ https://t.co/mAGlIGotkl","['katschilke', 'richhippychick', 'santafe', 'newmexico', 'santafestyle', 'streetwear', 'handmade', 'streefashion']",United Kingdom,"Kensington, London","[[[-0.2285894, 51.4772246], [-0.1497908, 51.4772246], [-0.1497908, 51.5303477], [-0.2285894, 51.5303477]]]",2020-03-06,19:17:17
Cardiff surgery placed on lockdown after patient has suspected coronavirus https://t.co/tbGy227qjR,[],United Kingdom,"London, England","[[[-0.187894, 51.483718], [-0.109978, 51.483718], [-0.109978, 51.5164655], [-0.187894, 51.5164655]]]",2020-03-06,19:42:07
@kieranwright589 @amber_plummer feeling scared kierans got me on lockdown,[],United Kingdom,"Liverpool, England","[[[-3.008791, 53.36489], [-2.822063, 53.36489], [-2.822063, 53.474867], [-3.008791, 53.474867]]]",2020-03-06,20:12:27
FORTY schools in coronavirus lockdown as emergency plans could see ALL UK classrooms and public transport shut - The Sun https://t.co/tPfnXoQSrG https://t.co/TeGsTujYm3,[],United Kingdom,"Benfleet, East","[[[0.5430409, 51.5357382], [0.6336531, 51.5357382], [0.6336531, 51.5782643], [0.5430409, 51.5782643]]]",2020-03-06,20:24:32
"Ok, that‚Äôs the toilet tissue sorted ready for the lockdown.ü•µüòÇüòÇüòÇ https://t.co/weL1LcHEDq",[],United Kingdom,"Hillingdon, London","[[[-0.5086841, 51.4551164], [-0.3760375, 51.4551164], [-0.3760375, 51.619006], [-0.5086841, 51.619006]]]",2020-03-06,20:47:05
Makes you wonder who has the most to gain from the international coronavirus lockdown? Bet ur bottom dollar there is something to gain #letsbesensibleoutthere,['letsbesensibleoutthere'],United Kingdom,"Wallasey, England","[[[-3.0788886, 53.4040483], [-3.014459, 53.4040483], [-3.014459, 53.443087], [-3.0788886, 53.443087]]]",2020-03-06,22:36:17
And it's calming down the British and EU governments should hold China to account for the spread of Coronavirus if keep the tourist the local residents in lock down then,[],United Kingdom,"Kingston upon Thames, London","[[[-0.3229167, 51.3428601], [-0.234011, 51.3428601], [-0.234011, 51.437266], [-0.3229167, 51.437266]]]",2020-03-06,22:38:23
Just bought some #handsanitiser before the lockdown on amounts. üòú https://t.co/QIcBdJXpEy,['handsanitiser'],United Kingdom,"Doncaster, England","[[[-1.2024508, 53.473157], [-1.0762686, 53.473157], [-1.0762686, 53.562139], [-1.2024508, 53.562139]]]",2020-03-07,03:32:02
@fayenicole @SXSWEDU Sorry to hear this - total nightmare. But remember Austin is a an amazing city to explore for a week. Hopefully the coronavirus wont have the city in lockdown,[],United Kingdom,"East, England","[[[-0.745779800818049, 51.4482221321091], [1.76893599950184, 51.4482221321091], [1.76893599950184, 52.9926789576249], [-0.745779800818049, 52.9926789576249]]]",2020-03-07,08:08:43
Filming and talking into my telephone - the virtual site tour with @polimi #interiordesign students that today should have been here with me but they are on lockdown in Milano #coronavirus design strategies! #lowline #ediblefutures https://t.co/thEatPRx0o,"['interiordesign', 'coronavirus', 'lowline', 'ediblefutures']",United Kingdom,"Camberwell, London","[[[-0.1114755, 51.4194247], [-0.0297308, 51.4194247], [-0.0297308, 51.509947], [-0.1114755, 51.509947]]]",2020-03-02,10:43:24
China&amp;#39;s Air Pollution Rates Plummet After Coronavirus Lockdown https://t.co/lQYKIl6pEF via @EARTH3R,[],United Kingdom,"Norwich, England","[[[1.20388, 52.598032], [1.342283, 52.598032], [1.342283, 52.684934], [1.20388, 52.684934]]]",2020-03-02,13:50:43
coronavirus in scotland time to enter lockdown see yous never bitches,[],United Kingdom,"Ayr, Scotland","[[[-4.665446, 55.425487], [-4.5843871, 55.425487], [-4.5843871, 55.506649], [-4.665446, 55.506649]]]",2020-03-02,00:04:32
"@Amy_Siskind Shut down southern border?
Lock down coastal cities? 
Cancel protests and other large political gatherings?
‚ÄúReasonable‚Äù restrictions on voting access to prevent spread of virus?
Postpone election to protect public health?

Scary days right now.",[],United Kingdom,"York, England","[[[-1.147268, 53.9280019], [-1.0233813, 53.9280019], [-1.0233813, 54.004411], [-1.147268, 54.004411]]]",2020-03-02,09:14:16
"Thousands of Brits may have coronavirus without knowing it after returning from Italy in past 2 wks

There should be a total lockdown on flights to &amp; from heavily infected areas. All people travelling back from these areas need to put into self isolation!

https://t.co/ArbT8c8n53",[],United Kingdom,"Hillingdon, London","[[[-0.5086841, 51.4551164], [-0.3760375, 51.4551164], [-0.3760375, 51.619006], [-0.5086841, 51.619006]]]",2020-03-02,14:58:10
China being in lockdown for 6 weeks and pollution has all but vanished. #NASA https://t.co/Z2AV41pj6Q,['NASA'],United Kingdom,"Brent, London","[[[-0.336055, 51.527592], [-0.1902264, 51.527592], [-0.1902264, 51.602799], [-0.336055, 51.602799]]]",2020-03-02,06:33:22
"@AdamWolov Lockdown in Wuhan is working. It has slowed the virus right down but you must be so fed up! You are doing a wonderful job of teaching your son .üòç lovely video. Thanks for sharing. 

The whole world is right behind you and hoping that you can get back to normal life very soon.",[],United Kingdom,"South Shore, England","[[[-3.058866, 53.7728959], [-2.985392, 53.7728959], [-2.985392, 53.826807], [-3.058866, 53.826807]]]",2020-03-03,04:05:45
Don‚Äôt worry Hilary blue has the city on lockdown #Lorraine,['Lorraine'],United Kingdom,"Belfast, Northern Ireland","[[[-6.0361161, 54.543241], [-5.8207101, 54.543241], [-5.8207101, 54.6484968], [-6.0361161, 54.6484968]]]",2020-03-02,09:15:26
@BeersManchester @_lowest01 @Mr_ian_B @AshoverCiderCo @Ashton1848 @potter_cath Manchester might be in lock down only virus free city in England,[],United Kingdom,"Glastonbury, England","[[[-2.738648, 51.137775], [-2.696843, 51.137775], [-2.696843, 51.1617234], [-2.738648, 51.1617234]]]",2020-03-02,06:37:22
"@VMaledew They are talking about stopping large gatherings..yet don't seem to care what diseases are being imported in to the country on the back of Illegal Immgrants,  time to lock down our borders and take stock of what COMES IN https://t.co/ZDaVYrMHFM",[],United Kingdom,"East Midlands, England","[[[-2.03410488116464, 51.9772264213839], [0.357994000542651, 51.9772264213839], [0.357994000542651, 53.6163564980205], [-2.03410488116464, 53.6163564980205]]]",2020-03-02,15:26:31
"@BBCNews - Coronavirus: Widespread transmission in UK 'highly likely'

Why? Because we are carrying on as normal! 

At what point do we go for a lock down? When it's too late?

https://t.co/jq1gFRl4yS",[],United Kingdom,"Welwyn Garden City, East","[[[-0.234756, 51.778888], [-0.149997, 51.778888], [-0.149997, 51.835367], [-0.234756, 51.835367]]]",2020-03-02,10:11:32
"Presuming we all live through this, in a couple years time the entertainment industries are going to be saturated with more Contagion-type storylines and lockdown survival dramas than anyone could possibly want/need. #COVID19",['COVID19'],United Kingdom,"Edinburgh, Scotland","[[[-3.3285119, 55.894729], [-3.077505, 55.894729], [-3.077505, 55.991662], [-3.3285119, 55.991662]]]",2020-03-02,13:08:58
Daughter is due to go on a one month exchange programme to Baltimore in a couple of weeks time but now I'm not sure it's wise. More worried in case they lock down and she can't get home than if she catches anything. #Coronavirus,['Coronavirus'],United Kingdom,"Margate, England","[[[1.276074, 51.365799], [1.439771, 51.365799], [1.439771, 51.393166], [1.276074, 51.393166]]]",2020-03-02,22:19:15
"China's Coronavirus Lockdown Sees Surge in Abandoned Pets | Time https://t.co/ojPKZYAjCD
üò¢üò¢",[],United Kingdom,"Dawlish, England","[[[-3.4846231, 50.569714], [-3.453573, 50.569714], [-3.453573, 50.598494], [-3.4846231, 50.598494]]]",2020-03-02,20:55:15
@SkyNews Scaremongering of the highest order! Sky are desperate for us all to be in lockdown,[],United Kingdom,"Chesterfield, England","[[[-1.484163, 53.213151], [-1.394032, 53.213151], [-1.394032, 53.28656], [-1.484163, 53.28656]]]",2020-03-02,18:39:20
"#BBCBreakfast Let's put the UK on lock down, cause another recession , and take the next 10 yrs to recover.  üÜòüßêüÜòüßê Full of good ideas sent they. Buy Sir CONMAN available on Amazon üá¨üáßüá¨üáß.",['BBCBreakfast'],United Kingdom,"Brackley, England","[[[-1.1662954, 52.0219785], [-1.1337366, 52.0219785], [-1.1337366, 52.0471057], [-1.1662954, 52.0471057]]]",2020-03-02,08:05:46
@cadoganhealthc1 What? Same issue in Chinese prisons too. @MayuDeshp These closed institutions are a bit like landlocked versions of the Diamond Princess cruise ship. What does lockdown of a hospital mean? Were staff being locked out? Were transfers to acute hospitals denied?,[],United Kingdom,"Birmingham, England","[[[-2.033651, 52.381063], [-1.74763, 52.381063], [-1.74763, 52.60687], [-2.033651, 52.60687]]]",2020-03-02,22:15:30
So if anyone in work gets tested for Coronavirus the whole store goes into lockdown for two weeks. Wow love that,[],United Kingdom,"Edinburgh, Scotland","[[[-3.3285119, 55.894729], [-3.077505, 55.894729], [-3.077505, 55.991662], [-3.3285119, 55.991662]]]",2020-03-02,13:01:55
"#BBCYourQuestions 

If China's decision for a lock down was successful why isn't that the place to jump to now in the UK? 

And why don't we cease international travel until the virus is brought under control?",['BBCYourQuestions'],United Kingdom,United Kingdom,"[[[-8.662663, 49.1626564], [1.768926, 49.1626564], [1.768926, 60.86165], [-8.662663, 60.86165]]]",2020-03-02,20:37:07
@DecodedReality lockdown is bs - but the effects of lockdown are far worce,[],United Kingdom,"East, England","[[[-0.745779800818049, 51.4482221321091], [1.76893599950184, 51.4482221321091], [1.76893599950184, 52.9926789576249], [-0.745779800818049, 52.9926789576249]]]",2020-03-02,18:45:01
"@Glenco1975 @Boyintheband @IanDunt There are protocols in place where EU governments can close borders.

French police check Italian trains going north etc

Free Movement does not equate to quickly spreading diseases.

The Cheshire college in lockdown would I suggest be there regardless.",[],United Kingdom,"Bristol, England","[[[-2.659936, 51.399367], [-2.510844, 51.399367], [-2.510844, 51.516387], [-2.659936, 51.516387]]]",2020-03-02,13:54:23
"@JuliaHB1 @AnthonyJohnG Someone needs to get out more, before said lock-down!",[],United Kingdom,"Glasgow, Scotland","[[[-4.3932845, 55.796184], [-4.0902182, 55.796184], [-4.0902182, 55.9204214], [-4.3932845, 55.9204214]]]",2020-03-02,22:52:04
